duration_seconds,packets_per_second,bytes_per_second,src2dst_packets_per_second,dst2src_packets_per_second,src2dst_bytes_per_second,dst2src_bytes_per_second,label
6.007,106.7088396870318,106724.32162477111,38.45513567504578,68.25370401198602,1764.4414849342436,104959.88013983687,proxy
9.134,97.87606744033282,92988.83293190278,59.5576965185023,38.31837092183052,92610.02846507553,378.80446682723885,proxy
2.06,10.679611650485437,2525.7281553398057,4.854368932038835,5.825242718446602,2318.9320388349515,206.79611650485435,proxy
9.143,55.12413868533304,48509.24204309307,31.608881111232634,23.515257574100403,48509.24204309307,0.0,proxy
8.991,35.70236903570237,31231.23123123123,20.131242353464575,15.571126682237795,31231.23123123123,0.0,proxy
9.153,33.10390036053753,30666.338905276956,18.900906806511525,14.202993554026001,29906.369496339998,759.9694089369606,proxy
9.16,57.532751091703055,51766.92139737991,33.29694323144105,24.235807860262007,51387.22707423581,379.69432314410477,proxy
0.094,53.191489361702125,1393.6170212765958,31.914893617021278,21.27659574468085,1393.6170212765958,0.0,proxy
2.817,6.034788782392616,2274.0504082357115,2.4849130280440184,3.5498757543485975,1944.9769258075967,329.07348242811497,proxy
5.769,111.28445137805512,110890.62229155832,40.90830299878662,70.3761483792685,1802.9121164846592,109087.71017507366,proxy
0.231,913.4199134199134,803865.8008658008,532.4675324675325,380.9523809523809,803865.8008658008,0.0,proxy
0.229,43.66812227074236,4078.602620087336,17.46724890829694,26.200873362445414,3157.2052401746723,921.3973799126637,proxy
0.648,361.1111111111111,365029.3209876543,137.34567901234567,223.76543209876542,10898.148148148148,354131.1728395062,proxy
0.298,26.845637583892618,4402.684563758389,13.422818791946309,13.422818791946309,3697.9865771812083,704.6979865771813,proxy
0.085,58.8235294117647,1541.1764705882351,35.29411764705882,23.52941176470588,1541.1764705882351,0.0,proxy
0.105,47.61904761904762,1247.6190476190477,28.571428571428573,19.047619047619047,1247.6190476190477,0.0,proxy
8.209,31.428919478621026,25610.914849555367,17.17626994761847,14.25264953100256,25610.914849555367,0.0,proxy
0.483,12.422360248447205,391.304347826087,8.281573498964804,4.140786749482402,391.304347826087,0.0,proxy
6.808,91.65687426556993,95501.17508813161,33.78378378378378,57.873090481786136,1555.0822561692128,93946.09283196239,proxy
5.577,42.85458131611978,43302.133763672224,16.675632060247445,26.178949255872332,1899.4082840236686,41402.72547964856,proxy
0.264,34.090909090909086,8571.969696969696,15.15151515151515,18.939393939393938,7761.363636363636,810.6060606060606,proxy
6.76,109.31952662721893,116313.90532544379,35.650887573964496,73.66863905325444,1567.3076923076924,114746.5976331361,proxy
0.105,47.61904761904762,1247.6190476190477,28.571428571428573,19.047619047619047,1247.6190476190477,0.0,proxy
0.105,47.61904761904762,1247.6190476190477,28.571428571428573,19.047619047619047,1247.6190476190477,0.0,proxy
7.703,58.678436972608075,50286.90120732182,33.36362456185901,25.31481241074906,50286.90120732182,0.0,proxy
0.093,53.763440860215056,1408.6021505376343,32.25806451612903,21.50537634408602,1408.6021505376343,0.0,proxy
0.464,21.551724137931032,7534.482758620689,10.775862068965516,10.775862068965516,7075.431034482758,459.051724137931,proxy
0.103,48.54368932038835,1271.8446601941748,29.12621359223301,19.417475728155342,1271.8446601941748,0.0,proxy
8.023,53.346628443225725,50109.809298267486,20.81515642527733,32.5314720179484,1321.076903901284,48788.7323943662,proxy
0.041,121.95121951219512,3195.121951219512,73.17073170731707,48.78048780487805,3195.121951219512,0.0,proxy
0.042,119.04761904761904,3119.047619047619,71.42857142857143,47.61904761904761,3119.047619047619,0.0,proxy
0.042,119.04761904761904,3119.047619047619,71.42857142857143,47.61904761904761,3119.047619047619,0.0,proxy
5.336,119.00299850074961,122141.67916041978,42.72863568215892,76.2743628185907,2598.2008995502247,119543.47826086955,proxy
0.405,27.160493827160494,5646.913580246914,12.345679012345679,14.814814814814813,5118.518518518518,528.395061728395,proxy
0.322,720.4968944099379,699661.4906832298,267.0807453416149,453.41614906832297,10965.83850931677,688695.652173913,proxy
1.047,195.79751671442216,225790.83094555876,64.94746895893029,130.8500477554919,6744.985673352436,219045.84527220632,proxy
0.209,38.27751196172249,1358.8516746411483,23.923444976076556,14.354066985645934,1009.5693779904307,349.28229665071774,proxy
0.996,65.26104417670683,57831.32530120482,39.1566265060241,26.104417670682732,57831.32530120482,0.0,proxy
0.228,855.2631578947368,828789.4736842104,561.4035087719298,293.859649122807,828789.4736842104,0.0,proxy
2.321,104.69625161568288,102433.43386471347,37.483843171046956,67.21240844463593,3042.6540284360185,99390.77983627746,proxy
7.074,71.2468193384224,91533.22024314391,47.21515408538309,24.0316652530393,90534.77523324851,998.4450098953916,proxy
0.055,90.9090909090909,3218.181818181818,54.54545454545455,36.36363636363637,1327.2727272727273,1890.909090909091,proxy
7.134,110.03644519203812,114231.28679562657,39.24866834875245,70.78777684328567,1484.861227922624,112746.42556770395,proxy
6.299,123.19415780282584,125455.94538815685,46.19780917605969,76.99634862676615,1651.2144784886489,123804.7309096682,proxy
2.235,5.369127516778524,1104.6979865771814,3.131991051454139,2.237136465324385,980.3131991051455,124.3847874720358,proxy
0.441,18.140589569160998,3210.8843537414964,9.070294784580499,9.070294784580499,2732.426303854875,478.4580498866213,proxy
0.333,18.01801801801802,6174.1741741741735,9.00900900900901,9.00900900900901,5636.6366366366365,537.5375375375376,proxy
6.56,195.1219512195122,203005.33536585368,67.53048780487805,127.59146341463415,1119.2073170731708,201886.1280487805,proxy
4.288,56.66977611940298,56551.30597014925,21.455223880597014,35.214552238805965,2470.382462686567,54080.923507462685,proxy
1.155,9.523809523809524,3922.077922077922,3.463203463203463,6.0606060606060606,3768.8311688311687,153.24675324675323,proxy
6.347,97.84149992122262,102347.88088860878,37.49803056562155,60.343469355601066,1669.2925791712619,100678.58830943752,proxy
6.537,94.69175462750498,99838.15205751875,34.72540920911733,59.96634541838764,1590.6379072969253,98247.51415022182,proxy
0.24,37.5,8754.166666666668,16.666666666666668,20.833333333333336,7862.5,891.6666666666667,proxy
1.411,169.3834160170092,168178.59673990076,62.367115520907156,107.01630049610205,4912.827781715096,163265.76895818568,proxy
0.963,62.30529595015577,55327.10280373832,36.3447559709242,25.96053997923157,55327.10280373832,0.0,proxy
1.452,13.085399449035814,3339.5316804407717,6.198347107438017,6.887052341597796,3046.8319559228653,292.69972451790636,proxy
7.828,66.1727133367399,62811.70158405723,25.42156361778232,40.751149718957585,1353.9856923863056,61457.71589167092,proxy
0.534,20.599250936329586,5636.7041198501865,9.363295880149812,11.235955056179774,5237.827715355805,398.876404494382,proxy
8.865,41.39875916525663,33061.703327693176,22.447828539199097,18.95093062605753,32669.37394247039,392.32938522278624,proxy
0.036,138.88888888888889,3638.888888888889,83.33333333333334,55.55555555555556,3638.888888888889,0.0,proxy
0.038,131.57894736842107,3447.3684210526317,78.94736842105263,52.631578947368425,3447.3684210526317,0.0,proxy
2.052,111.11111111111111,115203.70370370371,40.93567251461988,70.17543859649123,3441.520467836257,111762.18323586744,proxy
0.247,36.43724696356276,8255.06072874494,16.194331983805668,20.242914979757085,7388.663967611336,866.3967611336033,proxy
7.997,34.01275478304364,38215.70588970864,13.88020507690384,20.1325497061398,1325.3720145054397,36890.3338752032,proxy
9.126,39.99561691869384,36592.26386149463,22.68244575936884,17.313171159325005,35383.410037256195,1208.8538242384398,proxy
0.414,14.492753623188406,10292.270531400967,7.246376811594203,7.246376811594203,8570.048309178745,1722.2222222222224,proxy
6.184,68.07891332470892,72415.91203104786,44.307891332470895,23.771021992238033,71273.77102199223,1142.1410090556274,proxy
0.344,566.8604651162791,546351.7441860465,366.2790697674419,200.58139534883722,536084.3023255814,10267.441860465116,proxy
0.366,30.05464480874317,7808.743169398907,13.66120218579235,16.39344262295082,7224.043715846995,584.6994535519126,proxy
1.049,262.1544327931363,226487.13060057198,116.30123927550048,145.85319351763584,6734.985700667303,219752.1448999047,proxy
4.794,80.3087192323738,78715.47768043388,29.203170629954112,51.105548602419695,1473.9257405089697,77241.55193992492,proxy
1.282,14.040561622464898,3751.170046801872,6.240249609984399,7.800312012480499,3421.216848673947,329.95319812792513,proxy
6.123,103.21737710272741,105363.22064347542,38.706516413522785,64.51086068920463,1730.0342969132778,103633.18634656214,proxy
0.56,19.642857142857142,6799.999999999999,8.928571428571427,10.714285714285714,6423.214285714285,376.7857142857143,proxy
7.339,80.66494072761957,87717.26393241585,29.97683608120997,50.68810464640959,1533.1789072080664,86184.0850252078,proxy
0.129,46.51162790697674,13596.8992248062,15.503875968992247,31.007751937984494,12209.302325581395,1387.596899224806,proxy
0.375,53.333333333333336,19965.333333333332,26.666666666666668,26.666666666666668,4701.333333333333,15264.0,proxy
4.713,292.3827710587736,321237.8527477191,100.36070443454275,192.02206662423086,1557.818799066412,319680.0339486527,proxy
0.589,33.955857385398986,12283.531409168083,16.977928692699493,16.977928692699493,2994.90662139219,9288.624787775892,proxy
5.785,105.27225583405358,103011.23595505618,38.54796888504754,66.72428694900604,1831.114952463267,101180.1210025929,proxy
5.474,116.73364998173182,125460.90610157106,77.09170624771647,39.64194373401534,123454.14687614176,2006.759225429302,proxy
0.621,9.66183574879227,4099.838969404187,3.2206119162640903,6.4412238325281805,3814.814814814815,285.02415458937196,proxy
7.889,110.02661934338953,111110.40689567752,70.73139814932183,39.295221194067686,110645.20218025098,465.20471542654326,proxy
9.113,23.373203116427085,20606.60594754746,12.948535059804675,10.424668056622409,20224.953363327117,381.6525842203446,proxy
0.071,830.9859154929578,813183.0985915493,535.2112676056339,295.77464788732397,813183.0985915493,0.0,proxy
9.077,30.626859094414453,28357.937644596233,16.74562079982373,13.881238294590723,27908.89060262201,449.0470419742206,proxy
0.224,464.2857142857143,571808.0357142857,312.5,151.78571428571428,571808.0357142857,0.0,proxy
4.475,138.77094972067042,149669.27374301676,92.73743016759778,46.03351955307263,148848.93854748603,820.3351955307263,proxy
6.633,94.82888587366199,97462.68656716419,34.52434795718378,60.30453791647822,1597.0149253731342,95865.67164179105,proxy
0.237,37.9746835443038,8856.540084388185,16.877637130801688,21.09704641350211,7953.5864978902955,902.9535864978903,proxy
1.055,190.52132701421803,223890.99526066353,68.24644549763033,122.27488151658768,6570.616113744076,217320.37914691944,proxy
0.282,28.368794326241137,5574.468085106383,14.184397163120568,14.184397163120568,4826.241134751774,748.22695035461,proxy
5.602,116.74401999285969,114222.42056408426,43.37736522670475,73.36665476615494,1892.0028561228132,112330.41770796143,proxy
4.311,4.6392948271862675,1273.71839480399,2.0876826722338206,2.5516121549524473,1175.1333797262816,98.58501507770819,proxy
0.623,35.313001605136435,14685.393258426966,19.261637239165328,16.051364365971107,5898.876404494382,8786.516853932584,proxy
0.093,75.26881720430107,14161.290322580646,43.01075268817204,32.25806451612903,5913.978494623656,8247.31182795699,proxy
9.528,133.92107472712007,126722.5020990764,82.38874895046179,51.53232577665827,126337.5314861461,384.97061293031066,proxy
1.075,109.76744186046513,96775.81395348838,46.51162790697675,63.25581395348838,6829.767441860466,89946.04651162791,proxy
0.173,34.68208092485549,15647.398843930638,11.560693641618498,23.121387283236995,14421.965317919075,1225.4335260115608,proxy
6.516,40.82259054634745,39417.43400859423,15.500306936771025,25.322283609576427,1601.2891344383056,37816.14487415592,proxy
0.236,38.13559322033898,9135.593220338984,16.949152542372882,21.186440677966104,8228.813559322034,906.7796610169491,proxy
0.239,71.12970711297072,25359.832635983264,37.65690376569038,33.47280334728033,4807.531380753138,20552.301255230126,proxy
0.135,155.55555555555554,78451.85185185184,81.48148148148148,74.07407407407408,32444.44444444444,46007.4074074074,proxy
0.638,29.780564263322884,10695.924764890282,17.241379310344826,12.539184952978056,3669.2789968652037,7026.645768025078,proxy
0.099,60.6060606060606,2868.6868686868684,30.3030303030303,30.3030303030303,2131.313131313131,737.3737373737373,proxy
5.452,115.7373440939105,119046.95524578137,41.45267791636097,74.28466617754952,2590.608950843727,116456.34629493764,proxy
0.794,227.95969773299748,240074.30730478588,148.6146095717884,79.34508816120906,235625.94458438287,4448.362720403023,proxy
1.009,136.76907829534193,125589.69276511398,80.27750247770071,56.491575817641234,125589.69276511398,0.0,proxy
6.472,91.9344870210136,95378.09023485784,35.074165636588376,56.86032138442521,1636.8974042027194,93741.19283065513,proxy
0.232,38.79310344827586,9254.310344827585,17.241379310344826,21.551724137931032,8336.206896551723,918.103448275862,proxy
8.285,70.85093542546771,68953.89257694628,44.65902232951117,26.191913095956547,67698.12914906457,1255.7634278817138,proxy
0.254,31.496062992125985,5181.102362204724,15.748031496062993,15.748031496062993,4350.393700787402,830.7086614173228,proxy
7.097,115.68268282372833,116833.7325630548,41.425954628716354,74.25672819501197,1492.6025081020148,115341.1300549528,proxy
5.848,112.68809849521205,111583.78932968536,40.8686730506156,71.81942544459645,2415.184678522572,109168.6046511628,proxy
0.242,33.057851239669425,17210.743801652894,12.396694214876034,20.66115702479339,14264.462809917355,2946.280991735537,proxy
0.269,100.37174721189591,47747.211895910776,52.04460966542751,48.3271375464684,11776.951672862453,35970.260223048324,proxy
6.426,98.0392156862745,101324.1518829754,35.325241207594146,62.713974478680356,1647.5256769374416,99676.62620603797,proxy
0.35,68.57142857142857,35642.857142857145,31.42857142857143,37.142857142857146,4251.428571428572,31391.428571428572,proxy
0.605,722.3140495867768,751961.9834710744,487.603305785124,234.7107438016529,745894.2148760331,6067.768595041322,proxy
0.206,24.271844660194176,2640.7766990291266,9.708737864077671,14.563106796116505,1766.990291262136,873.7864077669904,proxy
1.683,137.2549019607843,141187.16577540105,51.0992275698158,86.1556743909685,4197.266785502079,136989.898989899,proxy
0.092,54.34782608695652,1423.913043478261,32.608695652173914,21.73913043478261,1423.913043478261,0.0,proxy
8.296,106.91899710703954,102417.06846673097,66.77917068466732,40.13982642237223,101532.0636451302,885.0048216007715,proxy
0.101,49.5049504950495,1435.6435643564355,29.7029702970297,19.801980198019802,1435.6435643564355,0.0,proxy
0.092,54.34782608695652,1423.913043478261,32.608695652173914,21.73913043478261,1423.913043478261,0.0,proxy
0.105,47.61904761904762,1247.6190476190477,28.571428571428573,19.047619047619047,1247.6190476190477,0.0,proxy
0.101,49.5049504950495,1297.029702970297,29.7029702970297,19.801980198019802,1297.029702970297,0.0,proxy
0.101,49.5049504950495,1435.6435643564355,29.7029702970297,19.801980198019802,1435.6435643564355,0.0,proxy
0.083,84.33734939759036,18240.963855421687,48.192771084337345,36.14457831325301,6734.939759036144,11506.024096385541,proxy
0.766,26.109660574412533,7473.890339425588,13.054830287206267,13.054830287206267,2003.916449086162,5469.973890339425,proxy
9.113,51.135740151432024,46159.55228794031,29.189070558542742,21.94666959288928,45396.24711949962,763.3051684406892,proxy
6.275,133.22709163346613,131248.44621513944,47.330677290836654,85.89641434262948,1688.1274900398405,129560.3187250996,proxy
0.14,807.1428571428571,838964.2857142857,528.5714285714286,278.57142857142856,838964.2857142857,0.0,proxy
3.175,4.724409448818898,363.7795275590551,2.5196850393700787,2.204724409448819,137.3228346456693,226.45669291338584,proxy
6.462,73.50665428659858,85071.80439492417,26.46239554317549,47.04425874342309,2272.361497988239,82799.44289693594,proxy
0.112,53.57142857142857,2535.714285714286,26.785714285714285,26.785714285714285,1883.9285714285713,651.7857142857142,proxy
0.294,30.612244897959187,8693.877551020409,13.60544217687075,17.006802721088437,7976.190476190477,717.687074829932,proxy
2.617,76.42338555598013,75233.8555598013,28.65876958349255,47.76461597248758,2698.509743981658,72535.34581581964,proxy
0.471,16.985138004246284,2796.1783439490446,8.492569002123142,8.492569002123142,2348.195329087049,447.9830148619958,proxy
6.717,117.3142772070865,112150.96025011166,73.24698526127736,44.067291945809146,111099.00253089177,1051.95771921989,proxy
2.334,5.99828620394173,2149.9571550985434,2.570694087403599,3.427592116538132,1757.497857754927,392.4592973436161,proxy
1.839,767.2648178357804,765887.4388254486,272.4306688417618,494.8341489940185,3990.2120717781404,761897.2267536705,proxy
8.902,46.618737362390476,40656.36935520108,26.510896427769044,20.107840934621436,40265.67063581218,390.6987193889014,proxy
0.306,29.411764705882355,7748.366013071895,13.071895424836601,16.33986928104575,7062.091503267974,686.2745098039215,proxy
6.871,87.17799446950953,94640.2270411876,31.58201135205938,55.595983117450146,1540.8237520011642,93099.40328918643,proxy
3.655,59.64432284541724,53120.65663474693,25.991792065663475,33.65253077975376,1115.1846785225719,52005.471956224355,proxy
7.484,48.770710849812936,51746.926777124536,17.637626937466596,31.13308391234634,929.1822554783538,50817.74452164618,proxy
0.243,37.03703703703704,11144.0329218107,16.46090534979424,20.5761316872428,10275.720164609054,868.3127572016461,proxy
0.531,20.71563088512241,4052.730696798493,9.416195856873822,11.299435028248586,3651.6007532956683,401.12994350282486,proxy
8.116,46.4514539181863,40129.6205027107,20.453425332676197,25.998028585510106,857.0724494825038,39272.548053228194,proxy
0.102,49.01960784313726,1284.3137254901962,29.411764705882355,19.607843137254903,1284.3137254901962,0.0,proxy
0.102,49.01960784313726,1284.3137254901962,29.411764705882355,19.607843137254903,1284.3137254901962,0.0,proxy
0.102,49.01960784313726,1284.3137254901962,29.411764705882355,19.607843137254903,1284.3137254901962,0.0,proxy
9.106,91.47814627717989,100733.58225345926,56.99538765649023,34.48275862068966,100733.58225345926,0.0,proxy
0.365,35.61643835616439,22372.60273972603,13.698630136986301,21.91780821917808,20432.87671232877,1939.7260273972604,proxy
4.547,243.2372993182318,251975.58829997803,85.55091268968552,157.6863866285463,1614.471079832857,250361.11722014516,proxy
4.37,1.6018306636155606,100.22883295194508,1.3729977116704806,0.22883295194508008,83.52402745995423,16.704805491990847,proxy
7.322,229.17235727943185,227732.3135755258,82.21797323135755,146.9543840480743,1002.4583447145588,226729.85523081126,proxy
0.235,34.04255319148936,5587.234042553192,17.02127659574468,17.02127659574468,4693.6170212765965,893.6170212765958,proxy
6.365,67.71406127258444,68608.95522388059,43.20502749410841,24.50903377847604,67500.23566378633,1108.7195600942655,proxy
0.754,95.49071618037135,91671.0875331565,57.02917771883289,38.46153846153846,91671.0875331565,0.0,proxy
5.923,109.23518487253081,109379.70622995104,40.35117339186223,68.88401148066858,1788.4517980752996,107591.25443187574,proxy
0.327,700.3058103975535,693522.9357798165,253.82262996941895,446.4831804281345,10792.048929663608,682730.8868501529,proxy
0.798,119.04761904761904,111771.9298245614,72.68170426065163,46.365914786967416,111771.9298245614,0.0,proxy
6.179,59.394724065382746,60233.371095646544,39.48859038679398,19.906133678588766,59090.4677132222,1142.9033824243404,proxy
0.424,25.943396226415096,5014.1509433962265,11.79245283018868,14.150943396226415,4509.433962264151,504.7169811320755,proxy
0.883,644.3941109852775,727000.0,204.98301245753115,439.41109852774633,3925.2548131370327,723074.745186863,proxy
9.14,48.6870897155361,41908.09628008753,27.680525164113785,21.00656455142232,41908.09628008753,0.0,proxy
6.98,64.0401146131805,63074.92836676217,41.117478510028654,22.92263610315186,61463.4670487106,1611.4613180515757,proxy
7.854,35.90527119938885,32248.28113063407,16.552075375604787,19.35319582378406,885.6633562515915,31362.61777438248,proxy
0.84,10.714285714285715,3009.5238095238096,4.761904761904762,5.9523809523809526,2758.3333333333335,251.1904761904762,proxy
5.99,3.005008347245409,856.2604340567613,1.335559265442404,1.669449081803005,785.1419031719532,71.11853088480801,proxy
8.661,51.4952084054959,49035.44625331948,31.52060962937305,19.97459877612285,48232.305738367395,803.1405149520841,proxy
6.521,36.95752185247662,37003.373715687776,13.801564177273425,23.15595767520319,1624.4441036650821,35378.92961202269,proxy
0.5,26.0,5358.0,14.0,12.0,3238.0,2120.0,proxy
6.757,2.9598934438360223,1381.5302649104633,1.1839573775344088,1.7759360663016133,1244.783187805239,136.7470771052242,proxy
0.246,36.58536585365854,11459.349593495936,16.260162601626018,20.32520325203252,10593.49593495935,865.8536585365854,proxy
5.995,138.94912427022518,139178.48206839032,51.54295246038365,87.40617180984154,2355.9633027522937,136822.51876563803,proxy
0.916,63.318777292576414,54906.113537117904,37.117903930131,26.200873362445414,54906.113537117904,0.0,proxy
0.216,745.3703703703703,823578.7037037037,490.74074074074076,254.62962962962962,823578.7037037037,0.0,proxy
0.242,37.1900826446281,9351.239669421488,16.528925619834713,20.66115702479339,8466.94214876033,884.297520661157,proxy
6.54,126.75840978593273,125099.38837920489,46.17737003058104,80.58103975535168,1619.7247706422017,123479.6636085627,proxy
0.277,819.4945848375451,821371.8411552346,552.3465703971119,267.1480144404332,821371.8411552346,0.0,proxy
0.88,768.1818181818181,772363.6363636364,484.09090909090907,284.09090909090907,772363.6363636364,0.0,proxy
0.946,75.05285412262157,66976.74418604652,45.45454545454546,29.59830866807611,66976.74418604652,0.0,proxy
0.253,35.573122529644266,8940.711462450592,15.810276679841897,19.76284584980237,8094.861660079051,845.8498023715415,proxy
8.931,92.26290448997874,85941.32795879521,56.2087112305453,36.05419325943344,85077.03504646737,864.2929123278469,proxy
3.531,54.37553101104503,66964.316057774,18.69158878504673,35.6839422259983,2000.0,64964.316057774,proxy
0.066,106.06060606060606,22939.39393939394,60.6060606060606,45.45454545454545,8469.69696969697,14469.696969696968,proxy
0.258,38.75968992248062,15655.038759689922,15.503875968992247,23.25581395348837,12891.472868217053,2763.5658914728683,proxy
0.999,22.02202202202202,5710.71071071071,11.01101101101101,11.01101101101101,2204.2042042042044,3506.5065065065064,proxy
0.559,28.622540250447223,20608.228980322,14.311270125223611,14.311270125223611,20608.228980322,0.0,proxy
0.286,31.46853146853147,6639.86013986014,13.986013986013987,17.482517482517483,5891.608391608392,748.2517482517483,proxy
9.138,45.414751586780476,41514.335740862334,26.154519588531407,19.26023199824907,41133.72729262421,380.6084482381265,proxy
0.096,52.083333333333336,1364.5833333333333,31.25,20.833333333333332,1364.5833333333333,0.0,proxy
0.433,20.785219399538107,6288.6836027713625,9.237875288683602,11.547344110854503,5801.385681293303,487.29792147806006,proxy
7.207,59.38670736783683,53948.93853198279,24.836964062716802,34.549743305120025,965.1727487165256,52983.76578326627,proxy
0.863,24.33371958285052,4679.026651216686,13.904982618771728,10.428736964078794,2778.6790266512166,1900.3476245654692,proxy
0.666,148.64864864864865,271250.7507507507,46.546546546546544,102.1021021021021,5304.804804804805,265945.9459459459,proxy
6.079,101.33245599605199,105976.31189340353,39.315676920546146,62.016779075505845,1742.556341503537,104233.75555189999,proxy
0.291,34.36426116838488,25113.40206185567,13.745704467353953,20.61855670103093,22670.103092783505,2443.298969072165,proxy
7.369,183.33559506038813,201107.6129732664,60.38811236260008,122.94748269778803,1881.3950332473878,199226.217940019,proxy
0.629,238.4737678855326,300399.0461049285,160.57233704292528,77.90143084260731,294785.373608903,5613.672496025437,proxy
5.268,48.02581624905088,40772.20956719818,20.88078967350038,27.145026575550496,793.2801822323463,39978.929384965835,proxy
3.982,46.96132596685083,38347.061778001,26.117528879959817,20.84379708689101,38332.49623304872,14.565544952285283,proxy
6.596,5.912674348089752,1820.8004851425105,2.72892662219527,3.1837477258944813,1666.1613098847786,154.63917525773195,proxy
0.18,205.55555555555557,147561.11111111112,100.0,105.55555555555556,19261.111111111113,128300.0,proxy
0.102,49.01960784313726,1284.3137254901962,29.411764705882355,19.607843137254903,1284.3137254901962,0.0,proxy
0.106,47.16981132075472,1235.8490566037735,28.30188679245283,18.867924528301888,1235.8490566037735,0.0,proxy
0.033,151.5151515151515,3969.6969696969695,90.9090909090909,60.6060606060606,3969.6969696969695,0.0,proxy
0.102,49.01960784313726,1284.3137254901962,29.411764705882355,19.607843137254903,1284.3137254901962,0.0,proxy
0.102,49.01960784313726,1284.3137254901962,29.411764705882355,19.607843137254903,1284.3137254901962,0.0,proxy
0.102,49.01960784313726,1284.3137254901962,29.411764705882355,19.607843137254903,1284.3137254901962,0.0,proxy
0.04,125.0,3275.0,75.0,50.0,3275.0,0.0,proxy
0.033,151.5151515151515,3969.6969696969695,90.9090909090909,60.6060606060606,3969.6969696969695,0.0,proxy
0.692,21.676300578034684,1635.8381502890174,11.560693641618498,10.115606936416185,559.2485549132948,1076.5895953757226,proxy
0.102,49.01960784313726,1284.3137254901962,29.411764705882355,19.607843137254903,1284.3137254901962,0.0,proxy
0.102,49.01960784313726,1284.3137254901962,29.411764705882355,19.607843137254903,1284.3137254901962,0.0,proxy
9.182,50.86037900239599,44495.31692441733,29.078632106294922,21.781746896101065,44118.49270311479,376.82422130254844,proxy
0.04,125.0,3275.0,75.0,50.0,3275.0,0.0,proxy
5.715,109.53630796150482,113278.21522309711,69.9912510936133,39.54505686789152,112065.2668416448,1212.9483814523185,proxy
0.073,68.4931506849315,1794.5205479452056,41.09589041095891,27.397260273972606,1794.5205479452056,0.0,proxy
0.047,106.38297872340425,2787.2340425531916,63.829787234042556,42.5531914893617,2787.2340425531916,0.0,proxy
0.073,68.4931506849315,1794.5205479452056,41.09589041095891,27.397260273972606,1794.5205479452056,0.0,proxy
8.638,112.29451261866173,120237.6707571197,74.09122482056031,38.203287798101414,119435.17017828202,802.5005788376939,proxy
0.302,36.42384105960265,6142.3841059602655,16.55629139072848,19.867549668874172,5374.172185430464,768.2119205298013,proxy
7.045,90.13484740951029,92189.35415188076,33.49893541518808,56.635911994322214,1503.6195883605394,90685.73456352022,proxy
0.265,845.2830188679245,805188.679245283,532.0754716981132,313.2075471698113,805188.679245283,0.0,proxy
0.247,36.43724696356276,8720.647773279352,16.194331983805668,20.242914979757085,7854.251012145749,866.3967611336033,proxy
5.978,166.77818668450988,174024.59016393442,59.88624958179994,106.89193710270995,1159.5851455336233,172865.0050184008,proxy
0.311,28.938906752411576,922.8295819935691,19.292604501607716,9.646302250803858,688.1028938906752,234.7266881028939,proxy
5.349,93.84931762946344,99801.27126565712,59.45036455412227,34.39895307534118,98480.27668723125,1320.994578425874,proxy
0.909,40.7040704070407,33267.32673267327,22.002200220022,18.701870187018702,33267.32673267327,0.0,proxy
0.071,70.42253521126761,1845.0704225352115,42.25352112676057,28.169014084507044,1845.0704225352115,0.0,proxy
0.082,60.97560975609756,1597.560975609756,36.58536585365854,24.390243902439025,1597.560975609756,0.0,proxy
9.121,111.72020611775024,105935.7526586997,67.86536563973249,43.854840478017756,105935.7526586997,0.0,proxy
4.795,3.962460896767466,1250.8863399374347,1.8769551616266944,2.0855057351407718,1058.1856100104276,192.7007299270073,proxy
0.082,60.97560975609756,1597.560975609756,36.58536585365854,24.390243902439025,1597.560975609756,0.0,proxy
0.231,826.8398268398269,812935.0649350649,290.04329004329,536.7965367965368,0.0,812935.0649350649,proxy
0.263,22.813688212927755,8901.140684410646,7.604562737642585,15.20912547528517,8228.136882129278,673.0038022813688,proxy
6.771,46.81730911239108,42123.91079604194,19.19952739624871,27.61778171614237,1027.3224043715848,41096.58839167036,proxy
3.464,57.736720554272516,68672.05542725173,22.22863741339492,35.508083140877595,2038.6836027713625,66633.37182448037,proxy
4.671,87.13337615071718,80855.91950331835,36.39477627916934,50.73859987154785,1489.1886105758938,79366.73089274245,proxy
1.544,11.658031088082902,3116.580310880829,5.181347150259067,6.476683937823834,2841.9689119170985,274.61139896373055,proxy
0.555,32.43243243243243,7216.216216216216,18.018018018018015,14.414414414414413,4322.522522522522,2893.6936936936936,proxy
8.207,85.65858413549408,85293.52991348848,52.51614475447788,33.1424393810162,84445.96076520043,847.5691482880467,proxy
1.017,87.51229105211407,76460.17699115045,52.11406096361849,35.39823008849558,76460.17699115045,0.0,proxy
0.35,48.57142857142858,13631.428571428572,22.857142857142858,25.714285714285715,12528.57142857143,1102.857142857143,proxy
6.137,69.57796969203194,67896.3663027538,27.374938895225682,42.20303079680626,1794.525012220955,66101.84129053284,proxy
0.064,78.125,2046.875,46.875,31.25,2046.875,0.0,proxy
8.909,67.12313390952968,60412.279717139965,39.173869121113476,27.949264788416205,60023.90840722864,388.37130991132557,proxy
0.96,9.375,2178.125,4.166666666666667,5.208333333333334,1956.25,221.875,proxy
0.903,674.4186046511628,718811.7386489479,222.59136212624585,451.8272425249169,7676.633444075304,711135.1052048727,proxy
0.287,766.5505226480836,792752.6132404181,498.2578397212544,268.2926829268293,792752.6132404181,0.0,proxy
0.625,38.4,13558.4,19.2,19.2,3016.0,10542.4,proxy
0.822,23.114355231143552,9801.703163017031,13.381995133819952,9.732360097323602,2956.204379562044,6845.498783454988,proxy
4.296,18.156424581005584,6937.616387337057,8.147113594040968,10.009310986964618,5930.400372439478,1007.216014897579,proxy
0.526,32.31939163498099,9697.718631178706,19.011406844106464,13.307984790874524,2393.536121673004,7304.182509505703,proxy
1.294,7.727975270479134,2250.386398763524,4.636785162287481,3.0911901081916535,798.2998454404946,1452.0865533230294,proxy
0.052,134.6153846153846,97250.0,76.92307692307692,57.69230769230769,67942.3076923077,29307.69230769231,proxy
1.296,10.030864197530864,3324.8456790123455,6.172839506172839,3.8580246913580245,1162.8086419753085,2162.037037037037,proxy
0.696,30.172413793103452,10280.172413793103,15.804597701149426,14.367816091954024,1659.4827586206898,8620.689655172415,proxy
2.846,527.7582572030921,638070.6254392129,181.65846802529865,346.0997891777934,1532.677442023893,636537.947997189,proxy
1.834,42.52998909487459,38473.28244274809,17.993456924754636,24.536532170119955,996.7284623773173,37476.55398037077,proxy
0.839,20.262216924910607,8227.651966626938,10.727056019070321,9.535160905840286,2084.6245530393326,6143.027413587604,proxy
0.522,57.47126436781609,41754.78927203065,24.904214559386972,32.56704980842912,2149.425287356322,39605.363984674324,proxy
0.398,82.9145728643216,68874.37185929647,35.175879396984925,47.73869346733668,4110.552763819095,64763.81909547738,proxy
0.516,73.64341085271317,42366.27906976744,36.82170542635659,36.82170542635659,2300.3875968992247,40065.891472868214,proxy
0.105,47.61904761904762,1247.6190476190477,28.571428571428573,19.047619047619047,1247.6190476190477,0.0,proxy
0.107,46.728971962616825,1224.2990654205607,28.037383177570096,18.69158878504673,1224.2990654205607,0.0,proxy
0.105,47.61904761904762,1247.6190476190477,28.571428571428573,19.047619047619047,1247.6190476190477,0.0,proxy
8.786,42.56772137491464,36484.40701115411,24.015479171409062,18.55224220350558,36090.59867971773,393.8083314363761,proxy
4.553,4.392708104546453,1063.254996705469,1.9767186470459037,2.415989457500549,970.1295848890842,93.1254118163848,proxy
0.042,119.04761904761904,3119.047619047619,71.42857142857143,47.61904761904761,3119.047619047619,0.0,proxy
0.053,94.33962264150944,2471.698113207547,56.60377358490566,37.735849056603776,2471.698113207547,0.0,proxy
0.042,119.04761904761904,3119.047619047619,71.42857142857143,47.61904761904761,3119.047619047619,0.0,proxy
0.246,32.520325203252035,5455.284552845528,16.260162601626018,16.260162601626018,4597.5609756097565,857.7235772357724,proxy
0.42,488.09523809523813,562771.4285714286,176.1904761904762,311.9047619047619,16819.04761904762,545952.380952381,proxy
0.286,31.46853146853147,6433.566433566434,13.986013986013987,17.482517482517483,5685.314685314685,748.2517482517483,proxy
8.755,56.424900057110214,55480.41119360365,21.473443746430608,34.95145631067961,1210.2798400913762,54270.131353512275,proxy
8.38,43.436754176610975,39304.89260143198,24.94033412887828,18.496420047732695,38474.821002386634,830.071599045346,proxy
1.552,12.242268041237113,3017.3969072164946,5.798969072164948,6.443298969072165,2743.556701030928,273.840206185567,proxy
6.643,86.10567514677103,98133.67454463345,30.558482613277135,55.547192533493906,1595.5140749661298,96538.16046966732,proxy
1.052,227.18631178707224,225409.6958174905,82.69961977186311,144.48669201520912,6589.3536121673005,218820.3422053232,proxy
0.248,36.29032258064516,8028.225806451613,16.129032258064516,20.161290322580644,7165.322580645161,862.9032258064516,proxy
0.993,103.72608257804633,98610.27190332326,66.46525679758308,37.26082578046324,98610.27190332326,0.0,proxy
0.044,159.0909090909091,114931.81818181819,68.18181818181819,90.90909090909092,80295.45454545454,34636.36363636364,proxy
0.865,21.965317919075144,4610.404624277457,12.716763005780347,9.248554913294798,2773.4104046242774,1836.9942196531792,proxy
9.126,71.33464825772519,65560.48652202499,42.18715757177296,29.147490685952228,64798.268682884074,762.2178391409161,proxy
0.142,535.2112676056339,490549.2957746479,225.35211267605635,309.85915492957747,25845.070422535213,464704.2253521127,proxy
7.187,70.82231807430082,67201.19660498122,41.88117434256296,28.94114373173786,66719.77181021289,481.4247947683317,proxy
0.419,26.25298329355609,4947.494033412888,11.933174224343675,14.319809069212411,4436.754176610979,510.73985680190935,proxy
8.969,52.06823503177612,49005.79774779797,20.403612442858737,31.664622588917386,1181.737094436392,47824.06065336158,proxy
0.045,111.11111111111111,112377.77777777778,66.66666666666667,44.44444444444444,78511.11111111111,33866.66666666667,proxy
7.188,74.98608792431831,69807.31775180857,30.745687256538677,44.24040066777963,1446.8558708959376,68360.46188091264,proxy
0.278,791.3669064748201,818417.2661870503,514.388489208633,276.978417266187,818417.2661870503,0.0,proxy
9.14,40.371991247264766,35579.86870897155,22.97592997811816,17.396061269146607,35199.343544857766,380.52516411378554,proxy
1.047,217.7650429799427,227020.0573065903,82.13944603629417,135.62559694364853,6744.985673352436,220275.07163323785,proxy
0.324,86.41975308641975,46185.18518518518,40.123456790123456,46.2962962962963,4944.444444444444,41240.74074074074,proxy
0.729,63.10013717421125,32477.366255144032,31.550068587105624,31.550068587105624,2377.2290809327847,30100.13717421125,proxy
6.623,126.52876340027177,122983.9951683527,47.71251698626,78.81624641401177,1599.1242639287332,121384.87090442397,proxy
0.041,121.95121951219512,3195.121951219512,73.17073170731707,48.78048780487805,3195.121951219512,0.0,proxy
6.502,124.88465087665334,127719.16333435866,45.37065518302061,79.51399569363274,1599.2002460781298,126119.96308828054,proxy
2.054,93.47614410905551,115748.78286270692,33.59298928919183,59.883154819863684,3438.169425511198,112310.61343719573,proxy
0.446,20.179372197309416,4713.004484304933,8.968609865470851,11.210762331838565,4235.4260089686095,477.57847533632287,proxy
9.171,88.32188420019628,85218.7329625995,52.77505179369753,35.54683240649875,84839.60309671792,379.12986588158327,proxy
0.25,36.0,8228.0,16.0,20.0,7372.0,856.0,proxy
6.828,110.13473930872875,121287.34622144113,36.613942589338016,73.52079671939075,1551.4059753954305,119735.94024604569,proxy
0.393,15.267175572519083,5290.076335877862,5.089058524173028,10.178117048346056,4832.06106870229,458.0152671755725,proxy
2.094,96.94364851957975,93726.36103151864,38.20439350525311,58.73925501432665,3591.690544412608,90134.67048710602,proxy
5.074,3.1533307055577455,938.1158849034293,1.3795821836815136,1.7737485218762319,874.852187623177,63.263697280252266,proxy
5.653,198.12488943923583,209343.88820095526,68.45922519016452,129.6656642490713,1839.5542189987618,207504.3339819565,proxy
0.246,36.58536585365854,8752.032520325203,16.260162601626018,20.32520325203252,7882.113821138211,869.9186991869918,proxy
6.5,128.15384615384616,127501.23076923077,46.0,82.15384615384616,1630.1538461538462,125871.07692307692,proxy
0.245,36.734693877551024,8763.265306122448,16.3265306122449,20.408163265306122,7893.877551020409,869.3877551020408,proxy
2.303,177.16022579244463,181673.90360399478,62.96135475466782,114.19887103777681,3064.6982197134175,178609.20538428138,proxy
7.505,127.24850099933379,121259.82678214523,78.61425716189207,48.63424383744171,120796.53564290474,463.2911392405063,proxy
7.763,1.6746103310575808,382.7128687363133,0.9017132551848512,0.7728970758727296,40.57709648331831,342.13577225299497,proxy
7.145,212.59622113365992,203755.21343596923,132.68019594121765,79.91602519244228,202616.93491952415,1138.2785164450665,proxy
6.056,103.36856010568032,107082.39762219286,35.83223249669749,67.53632760898283,1749.339498018494,105333.05812417438,proxy
0.041,121.95121951219512,3195.121951219512,73.17073170731707,48.78048780487805,3195.121951219512,0.0,proxy
0.873,245.13172966781215,243680.412371134,158.07560137457045,87.0561282932417,239710.1947308133,3970.217640320733,proxy
0.041,121.95121951219512,3195.121951219512,73.17073170731707,48.78048780487805,3195.121951219512,0.0,proxy
6.935,92.28550829127614,93964.38356164384,34.1744772891132,58.111031002162946,1527.32516222062,92437.05839942321,proxy
0.523,537.284894837476,519655.83173996175,193.1166347992352,344.16826003824093,4791.586998087954,514864.24474187376,proxy
5.798,135.21904104863745,143369.78268368402,48.98240772680234,86.23663332183511,2436.012418075198,140933.77026560882,proxy
0.252,35.714285714285715,10035.714285714286,15.873015873015873,19.841269841269842,9198.412698412698,837.3015873015873,proxy
6.363,80.3080308030803,98035.67499607103,52.490963382052485,27.817067421027815,96945.93745088794,1089.7375451830897,proxy
0.244,36.885245901639344,8606.557377049181,16.39344262295082,20.491803278688526,7729.508196721312,877.0491803278688,proxy
5.292,192.7437641723356,196838.246409675,67.08238851095994,125.66137566137567,1309.9017384731671,195528.34467120183,proxy
9.03,105.09413067552603,104488.03986710965,64.34108527131784,40.7530454042082,103587.3754152824,900.6644518272426,proxy
5.772,112.78586278586278,111434.16493416493,41.92654192654192,70.85932085932086,1836.278586278586,109597.88634788635,proxy
0.33,18.18181818181818,8324.242424242424,6.0606060606060606,12.121212121212121,7787.878787878787,536.3636363636364,proxy
7.06,66.0056657223796,63817.422096317285,41.218130311614736,24.787535410764875,62224.07932011332,1593.3427762039662,proxy
2.698,155.3002223869533,154580.42994810973,57.07931801334322,98.22090437361008,2603.7805782060786,151976.64936990364,proxy
0.246,44.71544715447155,13191.056910569107,20.32520325203252,24.390243902439025,12321.138211382115,869.9186991869918,proxy
0.428,495.32710280373834,536478.9719626168,179.90654205607478,315.42056074766356,8254.672897196262,528224.2990654205,proxy
0.248,36.29032258064516,11387.09677419355,16.129032258064516,20.161290322580644,10524.193548387097,862.9032258064516,proxy
0.19,31.57894736842105,14068.421052631578,10.526315789473685,21.05263157894737,13136.842105263158,931.578947368421,proxy
7.205,111.31158917418459,113726.57876474671,40.249826509368496,71.0617626648161,1443.5808466342817,112282.99791811242,proxy
0.23,786.9565217391304,806869.5652173912,508.695652173913,278.2608695652174,806869.5652173912,0.0,proxy
0.042,119.04761904761904,3119.047619047619,71.42857142857143,47.61904761904761,3119.047619047619,0.0,proxy
0.269,55.762081784386616,17661.71003717472,26.022304832713754,29.739776951672862,16226.765799256504,1434.9442379182155,proxy
0.243,82.3045267489712,24818.930041152264,45.26748971193416,37.03703703703704,18234.567901234568,6584.3621399176955,proxy
8.594,5.352571561554574,1238.1894344891787,3.1417267861298583,2.210844775424715,181.4056318361648,1056.7838026530137,proxy
5.312,285.76807228915663,285871.6114457831,186.55873493975903,99.20933734939759,284490.2108433735,1381.4006024096384,proxy
8.072,169.10307234886028,175988.60257680874,64.79187314172448,104.31119920713579,859.0188305252726,175129.58374628346,proxy
0.345,26.086956521739133,8765.217391304348,11.594202898550726,14.492753623188406,8147.826086956522,617.3913043478261,proxy
3.608,280.7649667405765,298546.84035476716,176.2749445676275,104.490022172949,296633.3148558758,1913.5254988913525,proxy
0.356,67.41573033707866,21783.70786516854,36.51685393258427,30.898876404494384,5148.876404494382,16634.83146067416,proxy
0.248,36.29032258064516,9677.41935483871,16.129032258064516,20.161290322580644,8826.612903225807,850.8064516129033,proxy
5.151,55.13492525723161,55072.80139778684,44.84566103669191,10.289264220539701,54162.88099398175,909.9204038050864,normal
0.327,694.1896024464831,694657.49235474,134.5565749235474,559.6330275229358,13342.507645259939,681314.9847094801,normal
8.959,66.41366223908919,64964.95144547383,13.617591249023329,52.79607099006586,1422.1453287197232,63542.8061167541,normal
0.085,58.8235294117647,15905.882352941175,23.52941176470588,35.29411764705882,14447.05882352941,1458.8235294117646,normal
0.035,142.85714285714283,1114.2857142857142,85.71428571428571,57.14285714285714,1114.2857142857142,0.0,normal
2.486,103.78117457763474,100967.417538214,20.917135961383746,82.864038616251,3003.620273531778,97963.79726468222,normal
0.16,187.5,86831.25,87.5,100.0,52056.25,34775.0,normal
6.442,108.97236882955603,107763.4275069854,21.11145606954362,87.86091276001241,2493.79074821484,105269.63675877056,normal
0.36,694.4444444444445,687655.5555555556,136.11111111111111,558.3333333333334,12605.555555555557,675050.0,normal
0.09,55.55555555555556,9588.888888888889,22.22222222222222,33.333333333333336,8233.333333333334,1355.5555555555557,normal
2.197,119.25352753755121,114223.94173873463,25.034137460172964,94.21939007737824,3441.9663177059624,110781.97542102868,normal
0.327,691.131498470948,694581.0397553516,131.49847094801223,559.6330275229358,13223.241590214067,681357.7981651375,normal
8.183,84.56556275204693,84290.35805939142,15.764389588170598,68.80117316387633,1588.7816204326043,82701.57643895881,normal
0.035,685.7142857142857,625914.2857142857,542.8571428571428,142.85714285714283,620828.5714285714,5085.714285714285,normal
0.041,365.8536585365853,276121.9512195122,243.90243902439025,121.95121951219512,270780.48780487804,5341.463414634146,normal
0.636,540.8805031446541,521424.5283018868,119.49685534591195,421.3836477987421,8621.069182389938,512803.45911949687,normal
0.283,731.4487632508834,733194.3462897527,597.1731448763252,134.27561837455832,728385.1590106008,4809.187279151944,normal
0.088,56.81818181818182,12829.545454545456,22.72727272727273,34.09090909090909,11443.181818181818,1386.3636363636365,normal
7.279,67.17955763154279,65540.73361725511,13.738150844896277,53.44140678664652,1645.693089710125,63895.040527544996,normal
0.785,245.85987261146497,238061.1464968153,196.17834394904457,49.681528662420384,232733.75796178344,5327.388535031847,normal
0.093,53.763440860215056,14354.838709677419,21.50537634408602,32.25806451612903,13021.505376344086,1333.3333333333333,normal
8.902,52.01078409346215,50417.88362165806,10.559424848348687,41.45135924511346,1454.8416086272748,48963.04201303078,normal
6.385,103.3672670321065,100772.74862960062,21.29992169146437,82.06734534064213,2072.5137039937354,98700.2349256069,normal
8.632,59.661723818350325,59162.998146431884,11.70064874884152,47.96107506950881,1388.3225208526414,57774.67562557924,normal
0.087,57.4712643678161,12919.540229885059,22.98850574712644,34.48275862068966,11517.241379310346,1402.2988505747128,normal
0.213,140.8450704225352,59549.295774647886,61.032863849765256,79.81220657276995,33319.24882629108,26230.04694835681,normal
8.828,56.29814227458088,54575.44177616674,11.66742183960127,44.630720434979615,1684.5265065700046,52890.91526959674,normal
0.309,84.14239482200648,17692.55663430421,45.307443365695796,38.83495145631068,4993.527508090615,12699.029126213592,normal
6.565,105.86443259710586,104116.67936024371,20.258948971820256,85.6054836252856,2437.166793602437,101679.51256664128,normal
6.44,107.91925465838509,106132.14285714286,21.583850931677016,86.33540372670807,2073.9130434782605,104058.22981366458,normal
0.089,56.17977528089888,14988.76404494382,22.471910112359552,33.70786516853933,13595.50561797753,1393.2584269662923,normal
0.091,54.94505494505495,14780.21978021978,21.978021978021978,32.96703296703297,13417.582417582418,1362.6373626373627,normal
1.13,386.7256637168142,380365.48672566377,77.87610619469027,308.8495575221239,7723.008849557523,372642.4778761062,normal
0.119,42.016806722689076,1613.4453781512607,25.210084033613448,16.80672268907563,327.7310924369748,1285.7142857142858,normal
7.516,98.9888238424694,96920.7025013305,19.558275678552423,79.43054816391698,2189.06333155934,94731.63916977115,normal
0.095,52.63157894736842,9073.684210526315,21.05263157894737,31.57894736842105,7789.473684210526,1284.2105263157894,normal
0.33,687.8787878787879,681096.9696969696,139.39393939393938,548.4848484848485,13430.30303030303,667666.6666666666,normal
1.134,231.04056437389772,222576.7195767196,48.50088183421517,182.53968253968256,6662.257495590829,215914.46208112876,normal
8.059,4.218885717830997,1708.7728005956076,1.7371882367539397,2.481697481077057,1001.2408487405386,707.5319518550689,normal
6.032,75.76259946949602,73338.52785145889,15.583554376657824,60.179045092838194,1951.4257294429708,71387.10212201592,normal
6.496,60.34482758620689,59366.379310344826,12.007389162561575,48.33743842364532,1291.8719211822659,58074.50738916256,normal
6.249,91.21459433509362,89271.72347575612,72.81164986397825,18.40294447111538,87721.55544887182,1550.1680268843015,normal
0.095,52.63157894736842,14042.105263157895,21.05263157894737,31.57894736842105,12736.842105263158,1305.2631578947369,normal
0.084,59.52380952380952,10285.714285714284,23.809523809523807,35.714285714285715,8833.333333333332,1452.3809523809523,normal
2.191,118.21086261980831,114686.90095846646,24.189867640346876,94.02099497946143,3427.6586033774533,111259.24235508901,normal
4.816,138.08139534883722,137303.57142857142,26.993355481727576,111.08803986710964,2123.7541528239203,135179.8172757475,normal
6.939,62.68914829226113,60552.96152183312,13.11428159677187,49.57486669548926,1686.9865974924342,58865.974924340684,normal
6.374,66.67712582365861,65715.24945089426,13.178537809852527,53.49858801380609,1349.8588013806088,64365.390649513654,normal
0.084,59.52380952380952,13440.476190476189,23.809523809523807,35.714285714285715,11988.095238095237,1452.3809523809523,normal
5.684,118.75439831104855,119393.73680506684,21.639690358902183,97.11470795214638,2209.1836734693875,117184.55313159747,normal
2.096,4.770992366412213,1048.1870229007634,1.9083969465648853,2.8625954198473282,930.8206106870228,117.36641221374045,normal
7.031,60.0199118190869,58560.80216185465,48.35727492533068,11.662636893756224,56971.41231688238,1589.3898449722658,normal
0.628,114.64968152866243,100487.26114649682,87.57961783439491,27.070063694267517,95044.58598726115,5442.675159235669,normal
0.095,52.63157894736842,14052.631578947368,21.05263157894737,31.57894736842105,12747.368421052632,1305.2631578947369,normal
7.832,96.91011235955057,95109.29519918284,77.63023493360572,19.279877425944843,93349.33605720123,1759.959141981614,normal
0.087,57.4712643678161,15356.321839080461,22.98850574712644,34.48275862068966,13931.034482758621,1425.287356321839,normal
3.256,82.30958230958231,78152.9484029484,17.506142506142506,64.8034398034398,3207.002457002457,74945.94594594595,normal
7.767,86.13364233294708,85990.08626239217,16.479979400025748,69.65366293292134,1669.6279129651086,84320.45834942706,normal
0.095,52.63157894736842,14063.157894736842,21.05263157894737,31.57894736842105,12757.894736842105,1305.2631578947369,normal
4.859,89.73039720107018,88409.75509364066,17.904918707552994,71.82547849351718,1793.990533031488,86615.76456060918,normal
0.325,692.3076923076923,695052.3076923076,132.3076923076923,560.0,13301.538461538461,681750.7692307692,normal
2.085,4.796163069544365,1053.2374100719426,1.9184652278177459,2.8776978417266186,935.2517985611511,117.98561151079137,normal
5.88,143.3673469387755,141662.75510204083,28.231292517006803,115.1360544217687,2429.591836734694,139233.16326530612,normal
0.085,58.8235294117647,10152.941176470587,23.52941176470588,35.29411764705882,8717.647058823528,1435.2941176470588,normal
4.409,102.51757768201406,98980.26763438422,21.320027217056023,81.19755046495804,2670.4468133363575,96309.82082104786,normal
6.977,64.354307008743,63109.2159954135,12.756198939372222,51.59810806937079,1660.4557832879461,61448.760212125555,normal
0.09,55.55555555555556,14855.555555555557,22.22222222222222,33.333333333333336,13477.777777777777,1377.7777777777778,normal
0.148,168.91891891891893,76155.40540540541,74.32432432432432,94.5945945945946,47189.189189189194,28966.216216216217,normal
6.773,87.70116639598406,85375.75668093903,69.68846892071461,18.01269747526945,83494.46331020228,1881.293370736749,normal
5.686,47.133309883925435,44711.04467112206,10.024621878297573,37.10868800562786,1836.2645093211397,42874.78016180092,normal
0.086,58.139534883720934,15511.627906976746,23.255813953488374,34.88372093023256,14069.767441860466,1441.860465116279,normal
7.499,113.61514868649154,112460.59474596614,22.402987064941993,91.21216162154954,1925.9901320176025,110534.60461394853,normal
3.064,4.895561357702349,808.7467362924282,2.2845953002610964,2.6109660574412534,711.4882506527415,97.25848563968668,normal
0.107,65.42056074766356,11336.44859813084,28.037383177570096,37.38317757009346,9588.785046728972,1747.6635514018692,normal
0.104,76.92307692307692,32038.46153846154,38.46153846153846,38.46153846153846,25048.076923076926,6990.384615384616,normal
0.141,163.12056737588654,105092.1985815603,70.92198581560284,92.1985815602837,41737.58865248227,63354.60992907802,normal
0.329,689.9696048632219,697686.9300911854,127.6595744680851,562.3100303951368,13018.23708206687,684668.6930091185,normal
0.583,747.8559176672385,780339.6226415095,116.63807890222985,631.2178387650087,3941.680960548885,776397.9416809606,normal
8.478,57.79665015333806,56458.4807737674,11.913187072422742,45.88346308091531,1415.5461193677754,55042.93465439962,normal
0.263,764.2585551330798,769155.8935361216,623.574144486692,140.68441064638782,764121.6730038022,5034.220532319391,normal
0.124,56.45161290322581,11177.41935483871,24.193548387096776,32.25806451612903,10040.322580645161,1137.0967741935483,normal
8.829,76.6791256087892,76034.65851172272,15.063993657265828,61.61513195152339,1489.183372975422,74545.47513874731,normal
0.09,55.55555555555556,14966.666666666668,22.22222222222222,33.333333333333336,13588.888888888889,1377.7777777777778,normal
2.206,119.22030825022665,114253.85312783318,24.932003626473254,94.2883046237534,3426.11060743427,110827.74252039891,normal
6.441,109.45505356311132,106839.0001552554,22.356776897997207,87.09827666511411,2106.8157118459867,104732.18444340941,normal
0.088,56.81818181818182,9909.09090909091,22.72727272727273,34.09090909090909,8522.727272727274,1386.3636363636365,normal
7.48,148.1283422459893,151478.60962566844,25.668449197860962,122.45989304812834,1612.1657754010694,149866.44385026736,normal
0.138,615.9420289855072,579471.0144927535,152.17391304347825,463.76811594202894,25644.92753623188,553826.0869565217,normal
5.624,76.8136557610242,70856.68563300143,58.32147937411096,18.49217638691323,68651.3157894737,2205.3698435277383,normal
2.2,118.63636363636363,113987.27272727272,24.999999999999996,93.63636363636363,3438.181818181818,110549.0909090909,normal
0.102,49.01960784313726,11078.431372549021,19.607843137254903,29.411764705882355,9882.352941176472,1196.0784313725492,normal
5.42,53.13653136531365,47122.324723247235,14.022140221402214,39.11439114391144,2100.7380073800737,45021.58671586716,normal
6.346,112.03907973526631,108449.41695556256,23.479357075323037,88.55972265994328,2602.5843050740623,105846.83265048849,normal
0.099,80.8080808080808,25939.39393939394,40.4040404040404,40.4040404040404,21464.646464646463,4474.747474747474,normal
0.233,673.8197424892703,520905.5793991416,231.7596566523605,442.0600858369098,27072.961373390557,493832.618025751,normal
2.09,4.784688995215311,1056.9377990430623,1.9138755980861246,2.870813397129187,939.2344497607656,117.70334928229666,normal
7.71,110.89494163424125,108284.17639429313,22.56809338521401,88.32684824902724,2255.6420233463036,106028.53437094683,normal
2.095,6.6825775656324575,1101.1933174224343,2.863961813842482,3.818615751789976,963.2458233890214,137.94749403341288,normal
6.916,123.048004626952,122321.71775592827,99.47946790052053,23.56853672643146,120670.32967032967,1651.3880855986117,normal
0.083,60.24096385542168,13566.265060240963,24.096385542168672,36.14457831325301,12096.385542168675,1469.879518072289,normal
6.126,110.02285341168788,109030.52562846882,21.38426379366634,88.63858961802154,2329.0891283055826,106701.43650016324,normal
0.09,55.55555555555556,14844.444444444445,22.22222222222222,33.333333333333336,13466.666666666668,1377.7777777777778,normal
6.81,117.76798825256975,116313.36270190896,94.56681350954479,23.201174743024964,114659.76505139502,1653.5976505139502,normal
3.26,83.43558282208589,78152.76073619633,18.711656441717793,64.7239263803681,3248.159509202454,74904.60122699387,normal
0.189,132.27513227513228,53613.75661375661,58.2010582010582,74.07407407407408,30873.015873015873,22740.74074074074,normal
8.702,86.87658009652954,78060.10112617789,23.213054470236727,63.66352562629281,2035.2792461503102,76024.82188002758,normal
0.103,48.54368932038835,12961.16504854369,19.417475728155342,29.12621359223301,11757.28155339806,1203.883495145631,normal
0.078,217.94871794871796,116628.20512820513,89.74358974358974,128.2051282051282,50115.38461538462,66512.82051282052,normal
5.801,263.9200137907257,269637.99344940524,45.337010860196514,218.5830029305292,2485.9506981554905,267152.0427512498,normal
6.625,105.20754716981132,104264.30188679245,20.37735849056604,84.83018867924528,1996.377358490566,102267.92452830188,normal
0.058,396.551724137931,370603.448275862,327.5862068965517,68.9655172413793,368051.724137931,2551.7241379310344,normal
0.089,56.17977528089888,9775.280898876405,22.471910112359552,33.70786516853933,8404.494382022473,1370.7865168539327,normal
6.559,106.11373685012958,103894.03872541546,21.34471718249733,84.76901966763226,2466.8394572343345,101427.19926818112,normal
6.329,106.33591404645284,105178.0692052457,21.01437825880866,85.32153578764418,2076.3153736767263,103101.75383156897,normal
6.331,107.5659453482862,106091.61269941556,21.48159848365187,86.08434686463433,2092.560416995735,103999.05228241983,normal
0.696,406.6091954022989,314274.42528735637,155.17241379310346,251.4367816091954,11757.183908045978,302517.2413793104,normal
8.702,4.826476672029418,1211.9053091243393,2.2983222247759136,2.528154447253505,1109.8598023442887,102.04550678005056,normal
0.063,349.2063492063492,175111.11111111112,174.6031746031746,174.6031746031746,94285.71428571429,80825.39682539682,normal
5.715,2.099737532808399,392.6509186351706,0.8748906386701663,1.2248468941382327,329.65879265091866,62.99212598425197,normal
0.413,750.6053268765133,778656.1743341405,631.9612590799031,118.64406779661017,774634.382566586,4021.7917675544795,normal
3.872,3.615702479338843,619.8347107438017,1.5495867768595042,2.066115702479339,523.7603305785124,96.07438016528926,normal
2.272,756.6021126760564,763085.3873239438,140.4049295774648,616.1971830985916,6205.545774647888,756879.8415492958,normal
0.104,76.92307692307692,21615.384615384617,38.46153846153846,38.46153846153846,18336.53846153846,3278.846153846154,normal
5.38,81.78438661710037,78897.02602230484,17.286245353159853,64.49814126394052,2176.7657992565055,76720.26022304833,normal
6.193,72.66268367511707,58152.59163571775,47.311480704020674,25.351202971096402,55903.76231228807,2248.829323429679,normal
8.836,75.82616568583069,75170.77863286555,14.82571299230421,61.00045269352648,1479.2892711634222,73691.48936170213,normal
6.759,99.71889332741529,99927.65201952952,18.49386003846723,81.22503328894807,1868.7675691670365,98058.88445036247,normal
6.979,66.77174380283708,63961.74236996704,14.32870038687491,52.44304341596217,1713.5692792663706,62248.17309070067,normal
6.857,99.6062417967041,99441.155024063,19.1045646784308,80.50167711827329,1497.302027125565,97943.85299693744,normal
1.76,253.97727272727272,247921.5909090909,51.70454545454545,202.27272727272728,5023.295454545455,242898.29545454544,normal
0.086,58.139534883720934,15534.883720930235,23.255813953488374,34.88372093023256,14093.023255813954,1441.860465116279,normal
0.308,77.92207792207792,8698.051948051949,42.20779220779221,35.714285714285715,5243.506493506494,3454.5454545454545,normal
7.512,92.78487752928648,92813.76464323749,17.438764643237487,75.346112886049,1755.4579339723111,91058.30670926518,normal
6.737,75.25604868635891,75194.89386967492,13.952797981297314,61.3032507050616,1746.6231260204838,73448.27074365444,normal
0.104,48.07692307692308,12846.153846153848,19.23076923076923,28.846153846153847,11653.846153846154,1192.3076923076924,normal
0.083,60.24096385542168,10397.590361445782,24.096385542168672,36.14457831325301,8927.710843373494,1469.879518072289,normal
0.931,728.2491944146079,743104.1890440386,127.81954887218045,600.4296455424275,7300.751879699248,735803.4371643394,normal
0.107,46.728971962616825,8065.420560747663,18.69158878504673,28.037383177570096,6925.2336448598135,1140.1869158878505,normal
6.539,105.36779324055667,104356.32359688026,20.18657287046949,85.18122037008717,2403.272671662334,101953.05092521793,normal
6.754,78.6200769914125,77001.18448326919,15.842463725199883,62.77761326621262,1808.557891619781,75192.6265916494,normal
0.037,675.6756756756757,596270.2702702703,162.16216216216216,513.5135135135135,5918.918918918919,590351.3513513514,normal
6.506,102.52075007685214,100552.25945281278,20.288964033200124,82.23178604365201,2443.4368275438055,98108.82262526898,normal
3.682,121.67300380228137,119771.31993481804,24.171645844649646,97.50135795763173,2381.8576860401954,117389.46224877784,normal
6.447,72.90212501938886,70999.37955638282,14.580425003877773,58.32170001551109,1825.965565379246,69173.41399100357,normal
0.065,153.84615384615384,51615.38461538462,76.92307692307692,76.92307692307692,45984.61538461538,5630.7692307692305,normal
0.15,186.66666666666669,84166.66666666667,80.0,106.66666666666667,47053.333333333336,37113.333333333336,normal
7.514,59.755123768964594,57688.315145062545,12.509981368112856,47.24514240085174,1564.0138408304497,56124.301304232096,normal
0.085,58.8235294117647,15729.411764705881,23.52941176470588,35.29411764705882,14270.588235294117,1458.8235294117646,normal
4.852,93.77576257213519,91514.63314097279,19.16735366859027,74.60840890354493,1840.065952184666,89674.56718878812,normal
2.48,106.45161290322581,101202.01612903226,23.387096774193548,83.06451612903226,3093.548387096774,98108.46774193548,normal
0.09,55.55555555555556,14822.222222222223,22.22222222222222,33.333333333333336,13444.444444444445,1377.7777777777778,normal
0.355,707.0422535211268,698171.8309859155,140.84507042253523,566.1971830985916,12895.774647887325,685276.0563380282,normal
0.593,750.4215851602024,767679.5952782462,620.5733558178753,129.84822934232716,763305.2276559866,4374.367622259697,normal
0.307,78.17589576547232,8726.384364820848,42.34527687296417,35.83061889250814,5260.586319218241,3465.7980456026057,normal
2.484,105.47504025764896,101230.67632850242,22.14170692431562,83.33333333333333,3046.2962962962965,98184.38003220611,normal
5.661,119.41353117823706,119975.62268150505,21.727609962904083,97.68592121533298,2217.276099629041,117758.346581876,normal
0.088,56.81818181818182,15159.09090909091,22.72727272727273,34.09090909090909,13750.0,1409.0909090909092,normal
1.23,353.6585365853659,353288.6178861789,65.85365853658537,287.8048780487805,6780.487804878049,346508.1300813008,normal
2.091,4.782400765184122,1051.6499282639884,1.9129603060736489,2.869440459110473,934.002869440459,117.6470588235294,normal
0.041,121.95121951219512,951.2195121951219,73.17073170731707,48.78048780487805,951.2195121951219,0.0,normal
6.44,110.40372670807453,106728.72670807452,23.757763975155278,86.64596273291924,2168.0124223602484,104560.71428571428,normal
0.071,239.43661971830988,127971.8309859155,98.59154929577466,140.84507042253523,55028.16901408451,72943.661971831,normal
0.149,194.63087248322148,84885.90604026846,80.53691275167786,114.09395973154363,47382.55033557047,37503.35570469799,normal
6.23,228.73194221508825,233239.48635634026,39.64686998394863,189.08507223113963,2234.1894060995182,231005.29695024076,normal
0.108,64.81481481481481,11574.074074074075,27.77777777777778,37.03703703703704,9842.592592592593,1731.4814814814815,normal
0.077,77.92207792207792,12233.766233766233,25.974025974025974,51.94805194805195,10311.688311688311,1922.077922077922,normal
0.086,58.139534883720934,10046.511627906977,23.255813953488374,34.88372093023256,8627.906976744187,1418.6046511627908,normal
3.41,134.3108504398827,132509.38416422287,26.392961876832842,107.91788856304984,2588.2697947214074,129921.11436950146,normal
0.946,692.3890063424948,699658.5623678648,123.6786469344609,568.7103594080338,10091.966173361523,689566.5961945032,normal
7.327,67.28538283062645,65112.73372458032,14.467039716118466,52.81834311450798,1659.342159137437,63453.391565442886,normal
8.525,80.35190615835776,79826.6275659824,14.897360703812316,65.45454545454545,1818.533724340176,78008.09384164223,normal
0.039,128.2051282051282,1000.0,76.92307692307692,51.282051282051285,1000.0,0.0,normal
3.547,73.01945305892303,70840.99238793347,14.660276289822384,58.35917676910064,2103.4677191993233,68737.52466873414,normal
0.085,58.8235294117647,10223.529411764704,23.52941176470588,35.29411764705882,8788.235294117647,1435.2941176470588,normal
0.311,668.8102893890675,636019.2926045016,520.9003215434084,147.90996784565917,630376.2057877814,5643.086816720257,normal
0.272,757.3529411764705,780500.0,632.3529411764705,124.99999999999999,776033.0882352941,4466.911764705882,normal
0.091,54.94505494505495,12406.593406593407,21.978021978021978,32.96703296703297,11065.934065934067,1340.6593406593406,normal
7.307,87.99781031887231,87049.13097030245,17.10688381004516,70.89092650882715,1759.545641166005,85289.58532913643,normal
0.14,542.8571428571428,526307.1428571428,121.42857142857142,421.4285714285714,24307.142857142855,501999.99999999994,normal
1.554,290.2187902187902,289081.08108108107,55.34105534105534,234.87773487773487,5575.933075933076,283505.148005148,normal
6.445,49.185415050426684,39858.49495733126,15.671062839410395,33.51435221101629,1960.8999224204808,37897.59503491078,normal
5.376,50.595238095238095,47278.27380952381,11.34672619047619,39.248511904761905,1970.610119047619,45307.66369047619,normal
0.146,198.63013698630138,86609.5890410959,82.19178082191782,116.43835616438356,48383.56164383562,38226.02739726027,normal
2.499,102.84113645458183,100467.78711484594,20.408163265306122,82.4329731892757,2931.5726290516204,97536.21448579432,normal
6.445,105.50814584949573,104693.71605896043,20.325833979829323,85.1823118696664,2026.8425135764157,102666.87354538402,normal
0.133,180.45112781954887,91082.70676691728,75.18796992481202,105.26315789473684,45781.954887218046,45300.751879699244,normal
6.495,102.84834488067744,103682.98691301001,18.937644341801384,83.91070053887606,1497.1516551193226,102185.83525789068,normal
0.248,778.2258064516129,774814.5161290322,629.0322580645161,149.19354838709677,769516.1290322581,5298.387096774193,normal
0.086,58.139534883720934,15523.25581395349,23.255813953488374,34.88372093023256,14081.39534883721,1441.860465116279,normal
0.092,54.34782608695652,14500.0,21.73913043478261,32.608695652173914,13152.173913043478,1347.8260869565217,normal
0.111,63.06306306306306,12468.468468468469,27.027027027027028,36.03603603603604,11207.207207207208,1261.2612612612613,normal
7.503,61.175529788084766,59837.265093962415,12.261761961881914,48.91376782620285,1558.3100093296014,58278.95508463281,normal
0.091,54.94505494505495,14769.23076923077,21.978021978021978,32.96703296703297,13406.593406593407,1362.6373626373627,normal
2.483,106.32299637535239,101561.41763995167,22.9561014901329,83.3668948852195,3075.312122432541,98486.10551751913,normal
5.679,122.73287550625109,122125.02201091741,23.419616129600282,99.31325937665082,2314.1398133474204,119810.88219756998,normal
0.067,149.25373134328356,49910.447761194024,74.62686567164178,74.62686567164178,44582.0895522388,5328.358208955224,normal
5.431,122.07696556803535,123495.85711655312,22.095378383354817,99.98158718468054,1817.3448720309334,121678.5122445222,normal
0.088,56.81818181818182,9818.181818181818,22.72727272727273,34.09090909090909,8431.818181818182,1386.3636363636365,normal
8.486,81.54607588970067,80565.40183832194,15.908555267499409,65.63752062220127,1558.3313693141645,79007.07046900777,normal
0.11,45.45454545454545,12154.545454545454,18.181818181818183,27.272727272727273,11027.272727272728,1127.2727272727273,normal
4.673,97.15386261502246,95363.79199657608,19.04558099721806,78.10828161780441,1875.6687352878237,93488.12326128824,normal
0.247,769.2307692307693,770222.6720647773,623.4817813765183,145.74898785425103,765048.5829959514,5174.0890688259105,normal
0.256,757.8125,761859.375,617.1875,140.625,756890.625,4968.75,normal
2.855,3.502626970227671,710.3327495621717,1.4010507880910683,2.1015761821366024,607.7057793345009,102.62697022767075,normal
6.059,69.31836936788248,67632.11751114044,55.289651757715795,14.028717610166694,66208.94537052319,1423.1721406172635,normal
6.981,98.69646182495345,96077.63930668958,20.19767941555651,78.49878240939694,1922.0742014038103,94155.56510528577,normal
0.164,207.3170731707317,150884.1463414634,128.04878048780486,79.26829268292683,140548.78048780488,10335.365853658535,normal
0.173,34.68208092485549,3381.502890173411,17.341040462427745,17.341040462427745,826.5895953757226,2554.913294797688,normal
0.28,653.5714285714286,664371.4285714285,535.7142857142857,117.85714285714285,658928.5714285714,5442.857142857142,normal
0.163,134.96932515337423,68705.52147239263,85.88957055214723,49.079754601226995,55447.8527607362,13257.66871165644,normal
0.075,120.0,74800.0,80.0,40.0,73813.33333333334,986.6666666666667,normal
8.044,87.0213823968175,85741.91944306315,17.031327697662853,69.99005469915464,1650.671307807061,84091.24813525609,normal
6.178,152.47652962123664,149215.44189057947,31.07801877630301,121.39851084493364,2918.4202007122044,146297.02168986728,normal
0.084,59.52380952380952,10250.0,23.809523809523807,35.714285714285715,8797.619047619048,1452.3809523809523,normal
6.403,105.73168827112292,104037.79478369515,20.92769014524442,84.8039981258785,1620.646571919413,102417.14821177574,normal
0.087,57.4712643678161,12965.517241379312,22.98850574712644,34.48275862068966,11563.218390804599,1402.2988505747128,normal
7.862,72.24624777410328,70570.211142203,14.881709488679725,57.364538285423556,1597.4306792164844,68972.78046298651,normal
0.086,58.139534883720934,15511.627906976746,23.255813953488374,34.88372093023256,14069.767441860466,1441.860465116279,normal
3.255,132.41167434715823,131944.7004608295,23.963133640552996,108.44854070660523,3392.6267281105993,128552.0737327189,normal
0.039,128.2051282051282,1000.0,76.92307692307692,51.282051282051285,1000.0,0.0,normal
7.573,113.69338439191866,112364.848804965,22.44817113429288,91.24521325762576,1907.6984022184074,110457.1504027466,normal
4.349,4.1388825017245345,1065.532306277305,1.839503334099793,2.2993791676247413,896.0680616233617,169.46424465394344,normal
1.71,248.53801169590645,246889.47368421053,47.953216374269005,200.58479532163744,4984.795321637427,241904.67836257312,normal
2.092,5.736137667304015,1085.0860420650095,2.390057361376673,3.3460803059273423,959.3690248565965,125.717017208413,normal
4.883,174.4828998566455,175354.08560311285,31.742781077206637,142.74011877943886,2858.283841900471,172495.80176121238,normal
0.097,51.54639175257732,13783.505154639175,20.618556701030926,30.927835051546392,12505.154639175258,1278.3505154639174,normal
4.849,91.9777273664673,90736.6467312848,18.148071767374717,73.82965559909259,1802.4334914415342,88934.21323984326,normal
6.486,75.08479802651865,73581.25192722787,14.955288313290165,60.129509713228494,2017.4221399938328,71563.82978723405,normal
0.087,57.4712643678161,9931.034482758621,22.98850574712644,34.48275862068966,8528.735632183909,1402.2988505747128,normal
0.286,772.7272727272727,795646.8531468532,129.3706293706294,643.3566433566434,4318.181818181819,791328.6713286714,normal
0.29,748.2758620689656,732875.8620689656,148.27586206896552,600.0,5275.862068965517,727600.0,normal
2.11,7.5829383886255926,1462.5592417061612,3.3175355450236967,4.265402843601896,1291.9431279620853,170.61611374407585,normal
7.515,122.28875582168996,91215.96806387226,48.8356620093147,73.45309381237526,3763.406520292748,87452.5615435795,normal
0.126,55.55555555555556,7261.9047619047615,23.80952380952381,31.746031746031747,6158.730158730159,1103.1746031746031,normal
6.366,99.59158027018536,99618.12755262332,81.21269242852655,18.378887841658813,98082.94062205467,1535.186930568646,normal
0.089,78.65168539325843,10269.662921348316,33.70786516853933,44.943820224719104,8696.629213483146,1573.0337078651687,normal
5.812,119.40812112869924,114540.26152787336,25.980729525120438,93.4273916035788,2362.353750860289,112177.90777701307,normal
0.346,679.1907514450868,671196.5317919076,138.72832369942196,540.4624277456647,13046.242774566475,658150.2890173411,normal
0.299,702.3411371237459,706197.3244147158,575.2508361204013,127.09030100334449,701675.5852842809,4521.739130434783,normal
7.216,122.08980044345898,118371.9512195122,25.776053215077603,96.31374722838137,2081.90133037694,116290.04988913525,normal
0.129,573.6434108527131,560984.496124031,124.03100775193798,449.61240310077517,25844.961240310076,535139.5348837209,normal
0.058,86.20689655172413,672.4137931034483,51.72413793103448,34.48275862068965,672.4137931034483,0.0,normal
0.116,60.3448275862069,7862.068965517241,25.86206896551724,34.48275862068965,6663.793103448275,1198.2758620689654,normal
2.195,117.08428246013668,114179.95444191345,23.23462414578588,93.8496583143508,3383.1435079726652,110796.81093394078,normal
0.035,799.9999999999999,742971.4285714285,628.5714285714286,171.42857142857142,736828.5714285714,6142.857142857142,normal
0.309,77.66990291262135,9216.828478964402,42.07119741100324,35.59870550161812,5773.462783171521,3443.36569579288,normal
2.188,116.08775137111516,115226.2340036563,21.937842778793417,94.14990859232175,3889.396709323583,111336.83729433271,normal
5.373,131.39772938767914,128984.55239158757,26.428438488739996,104.96929089893914,2505.862646566164,126478.6897450214,normal
6.83,77.89165446559298,77491.06881405563,63.689604685212295,14.202049780380673,75579.79502196194,1911.2737920937043,normal
6.323,77.17855448363119,75411.82982761347,15.815277558121144,61.363276925510036,1889.293057093152,73522.53677052032,normal
0.113,44.24778761061947,7761.061946902654,17.699115044247787,26.548672566371682,6681.415929203539,1079.646017699115,normal
2.195,200.45558086560365,195986.3325740319,40.546697038724375,159.90888382687928,3999.544419134397,191986.7881548975,normal
0.099,50.505050505050505,13494.949494949495,20.2020202020202,30.3030303030303,12242.424242424242,1252.5252525252524,normal
6.6,131.06060606060606,131469.39393939395,24.393939393939394,106.66666666666667,2152.121212121212,129317.27272727274,normal
0.253,766.798418972332,771284.5849802372,624.5059288537549,142.29249011857706,766221.3438735178,5063.241106719368,normal
0.112,44.64285714285714,7714.285714285714,17.857142857142858,26.785714285714285,6625.0,1089.2857142857142,normal
6.832,98.65339578454332,99155.00585480094,18.442622950819672,80.21077283372365,1481.8501170960187,97673.15573770492,normal
0.244,651.6393442622951,658081.9672131147,536.8852459016393,114.75409836065575,653959.0163934426,4122.950819672131,normal
5.9,224.7457627118644,229596.77966101695,39.152542372881356,185.59322033898303,2268.4745762711864,227328.30508474575,normal
0.078,64.1025641025641,500.0,38.46153846153846,25.641025641025642,500.0,0.0,normal
6.44,132.14285714285714,130291.45962732918,26.397515527950308,105.74534161490682,2244.7204968944097,128046.73913043477,normal
0.151,46.35761589403974,9178.807947019868,19.867549668874172,26.490066225165563,8225.165562913908,953.6423841059603,normal
7.52,115.02659574468086,117292.68617021278,94.9468085106383,20.079787234042556,116245.07978723405,1047.6063829787236,normal
6.292,10.1716465352829,2825.0158931977116,4.609027336300064,5.562619198982835,2490.6230133502863,334.3928798474253,normal
0.145,55.17241379310345,14579.310344827587,27.586206896551726,27.586206896551726,12924.137931034484,1655.1724137931035,normal
0.146,164.38356164383563,102589.04109589041,68.4931506849315,95.89041095890411,40643.83561643836,61945.20547945206,normal
0.103,223.3009708737864,97728.15533980583,106.79611650485438,116.50485436893204,52631.06796116505,45097.087378640776,normal
0.093,247.31182795698925,122806.45161290323,107.52688172043011,139.78494623655914,62225.8064516129,60580.645161290326,normal
0.124,56.45161290322581,3854.8387096774195,24.193548387096776,32.25806451612903,2346.7741935483873,1508.0645161290322,normal
0.135,207.4074074074074,114644.44444444444,96.29629629629629,111.1111111111111,57377.777777777774,57266.666666666664,normal
0.155,167.74193548387098,84116.12903225806,77.41935483870968,90.3225806451613,42851.6129032258,41264.51612903226,normal
0.06,83.33333333333334,650.0,50.0,33.333333333333336,650.0,0.0,normal
5.725,126.63755458515284,127226.02620087337,23.580786026200876,103.05676855895197,2311.9650655021837,124914.06113537119,normal
0.502,490.0398406374502,444956.17529880477,133.46613545816734,356.57370517928285,10936.25498007968,434019.9203187251,normal
2.083,213.15410465674506,209827.6524243879,42.24675948151704,170.90734517522802,4198.271723475756,205629.38070091212,normal
0.265,33.9622641509434,5649.056603773584,15.094339622641508,18.867924528301884,4811.32075471698,837.7358490566037,normal
8.866,40.49176629821791,33485.22445296639,12.745319196932101,27.746447101285813,1931.9873674712385,31553.23708549515,normal
0.198,333.3333333333333,297969.69696969696,95.95959595959596,237.37373737373736,17560.60606060606,280409.0909090909,normal
6.634,105.36629484473922,104121.79680434127,20.500452215857702,84.86584262888151,1997.5881820922518,102124.20862224902,normal
7.584,116.82489451476793,115256.19725738397,22.547468354430382,94.27742616033755,2281.25,112974.94725738397,normal
9.02,101.21951219512195,94587.0288248337,23.835920177383592,77.38359201773837,2321.5077605321508,92265.52106430156,normal
9.391,59.31210733681184,57442.33840911511,47.1728250452561,12.139282291555745,56114.258332445956,1328.0800766691514,normal
6.446,103.78529320508844,104552.43561898853,18.77133105802048,85.01396214706796,1971.144896059572,102581.29072292896,normal
6.442,108.97236882955603,107600.43464762496,21.57714995343061,87.39521887612543,2071.8720894132257,105528.56255821174,normal
0.092,54.34782608695652,14521.739130434782,21.73913043478261,32.608695652173914,13173.913043478262,1347.8260869565217,normal
2.479,105.28438886647841,101878.58007260993,21.782977006857603,83.50141185962082,3035.094796288826,98843.4852763211,normal
0.148,189.1891891891892,85378.37837837839,81.08108108108108,108.10810810810811,47722.97297297297,37655.40540540541,normal
6.66,101.65165165165165,100216.06606606607,20.27027027027027,81.38138138138137,1982.8828828828828,98233.18318318318,normal
0.264,765.1515151515151,773977.2727272727,628.7878787878788,136.36363636363635,769113.6363636364,4863.636363636363,normal
0.329,82.06686930091185,16732.522796352583,42.5531914893617,39.51367781155015,4908.814589665653,11823.70820668693,normal
0.088,56.81818181818182,9818.181818181818,22.72727272727273,34.09090909090909,8431.818181818182,1386.3636363636365,normal
8.205,58.01340645947593,58138.2084095064,10.725167580743449,47.28823887873248,1407.4344911639243,56730.77391834247,normal
0.056,321.42857142857144,198803.57142857142,142.85714285714286,178.57142857142856,86178.57142857142,112625.0,normal
0.418,38.27751196172249,8026.315789473684,19.138755980861244,19.138755980861244,7349.282296650718,677.0334928229665,normal
4.862,233.64870423693952,235847.38790621143,41.54668860551213,192.1020156314274,3132.0444261620733,232715.34348004937,normal
0.307,78.17589576547232,8726.384364820848,42.34527687296417,35.83061889250814,5260.586319218241,3465.7980456026057,normal
9.739,127.93921347160898,130116.54173939828,22.589588253414107,105.34962521819487,1619.8788376630043,128496.66290173528,normal
0.187,631.0160427807486,631855.6149732621,117.6470588235294,513.3689839572193,19117.647058823528,612737.9679144385,normal
0.085,411.7647058823529,386058.82352941175,105.88235294117646,305.88235294117646,37000.0,349058.82352941175,normal
6.752,76.27369668246446,74830.12440758295,15.402843601895736,60.87085308056872,1790.8767772511849,73039.24763033175,normal
0.084,59.52380952380952,10273.809523809523,23.809523809523807,35.714285714285715,8821.42857142857,1452.3809523809523,normal
5.678,118.52765058119056,118530.29235646354,22.190912293060936,96.33673828812962,2228.7777386403664,116301.51461782318,normal
0.105,76.19047619047619,15723.809523809525,38.095238095238095,38.095238095238095,14390.47619047619,1333.3333333333335,normal
5.656,133.13295615275814,130289.78076379067,26.874115983026876,106.25884016973126,2443.7765205091937,127846.00424328148,normal
7.673,131.23941092141274,111513.87983839436,40.79238889612928,90.44702202528346,2995.3082236413397,108518.57161475303,normal
5.317,125.6347564416024,125768.47846529998,23.885649802520216,101.74910663908219,1901.0720331013729,123867.40643219861,normal
0.087,57.4712643678161,12919.540229885059,22.98850574712644,34.48275862068966,11517.241379310346,1402.2988505747128,normal
